{
  "independent": {
    "coldP50": 3.9000000059604645,
    "coldP95": 6.0999999940395355,
    "warmP50": 0.5,
    "warmP95": 0.800000011920929,
    "reverseP95": 5.800000011920929
  },
  "indexed": {
    "webmBytes": 3489705,
    "seekP50": 95.59999999403954,
    "seekP95": 187.19999998807907,
    "reverseStepP95": 191
  },
  "memory": {
    "heap0": 3183885,
    "heapAfterA": 3189190,
    "heapEnd": 3645540
  }
}